id,product_id,sku,slug,variant_name,service_type_id,duration_display,duration_weeks_min,duration_weeks_max,delivery_complexity,implementation_model,badge,positioning,is_default_variant,status,created_at,updated_at
1,1,EXP-ADV-1,online-web-presence-high-impact-assess-1,Assess,advisory,1 Week,1,1,medium,TMaaS Managed Delivery,Assess,"See how online web presence performs today, identify the highest-impact gaps, and leave with prioritised next steps and a practical roadmap.",true,published,2026-06-10 15:31:29.889873+00,2026-06-10 15:31:29.889873+00
2,1,EXP-DES-2,online-web-presence-high-impact-design-2,Design,design,4 Weeks,4,4,high,TMaaS Managed Delivery,Design,"Turn online web presence goals into a delivery-ready blueprint with journeys, workflows, integrations, controls, and an adoption plan your teams can execute.",false,published,2026-06-10 15:31:29.889873+00,2026-06-10 15:31:29.889873+00
3,1,EXP-AI_-3,online-web-presence-high-impact-ai-design-3,AI Design,ai_design,4 Weeks,4,4,high,TMaaS Managed Delivery,AI Design,"Define the AI use cases that matter for online web presence, with data requirements, guardrails, and specifications ready to build.",false,published,2026-06-10 15:31:29.889873+00,2026-06-10 15:31:29.889873+00
4,1,EXP-DEP-4,online-web-presence-high-impact-implementation-4,Deploy,deploy,12 Weeks,12,12,high,TMaaS Managed Delivery,Deploy,"Implement agreed online web presence changes through managed configuration, integration, testing, and controlled launch support.",false,published,2026-06-10 15:31:29.889873+00,2026-06-10 15:31:29.889873+00
5,1,EXP-AI_-5,online-web-presence-high-impact-ai-implementation-5,AI Deploy,ai_deploy,12 Weeks,12,12,high,TMaaS Managed Delivery,AI Deploy,"Put AI-enabled online web presence workflows into production with security, governance, and adoption built in from day one.",false,published,2026-06-10 15:31:29.889873+00,2026-06-10 15:31:29.889873+00
6,1,EXP-MAN-6,online-web-presence-high-impact-managed-service-6,Managed Service,manage,Ongoing,,,medium,TMaaS Managed Delivery,Managed Service,"Run and improve online web presence with ongoing monitoring, reporting, and optimisation so performance keeps pace with your business.",false,published,2026-06-10 15:31:29.889873+00,2026-06-10 15:31:29.889873+00
7,2,EXP-ADV-7,online-social-presence-high-impact-assess-7,Assess,advisory,1 Week,1,1,medium,TMaaS Managed Delivery,Assess,"See how social presence and audience engagement perform today, identify the highest-impact gaps, and leave with prioritised next steps and a practical roadmap.",true,published,2026-06-10 15:31:29.889873+00,2026-06-10 15:31:29.889873+00
8,2,EXP-DES-8,online-social-presence-high-impact-design-8,Design,design,4 Weeks,4,4,high,TMaaS Managed Delivery,Design,"Turn social presence and audience engagement goals into a delivery-ready blueprint with journeys, workflows, integrations, controls, and an adoption plan your teams can execute.",false,published,2026-06-10 15:31:29.889873+00,2026-06-10 15:31:29.889873+00
9,2,EXP-AI_-9,online-social-presence-high-impact-ai-design-9,AI Design,ai_design,4 Weeks,4,4,high,TMaaS Managed Delivery,AI Design,"Define the AI use cases that matter for social presence and audience engagement, with data requirements, guardrails, and specifications ready to build.",false,published,2026-06-10 15:31:29.889873+00,2026-06-10 15:31:29.889873+00
10,2,EXP-DEP-10,online-social-presence-high-impact-implementation-10,Deploy,deploy,12 Weeks,12,12,high,TMaaS Managed Delivery,Deploy,"Implement agreed social presence and audience engagement changes through managed configuration, integration, testing, and controlled launch support.",false,published,2026-06-10 15:31:29.889873+00,2026-06-10 15:31:29.889873+00
11,2,EXP-AI_-11,online-social-presence-high-impact-ai-implementation-11,AI Deploy,ai_deploy,12 Weeks,12,12,high,TMaaS Managed Delivery,AI Deploy,"Put AI-enabled social presence and audience engagement workflows into production with security, governance, and adoption built in from day one.",false,published,2026-06-10 15:31:29.889873+00,2026-06-10 15:31:29.889873+00
12,2,EXP-MAN-12,online-social-presence-high-impact-managed-service-12,Managed Service,manage,Ongoing,,,medium,TMaaS Managed Delivery,Managed Service,"Run and improve social presence and audience engagement with ongoing monitoring, reporting, and optimisation so performance keeps pace with your business.",false,published,2026-06-10 15:31:29.889873+00,2026-06-10 15:31:29.889873+00
13,3,EXP-ADV-13,mobile-apps-high-impact-assess-13,Assess,advisory,1 Week,1,1,medium,TMaaS Managed Delivery,Assess,"See how mobile apps and mobile services perform today, identify the highest-impact gaps, and leave with prioritised next steps and a practical roadmap.",true,published,2026-06-10 15:31:29.889873+00,2026-06-10 15:31:29.889873+00
14,3,EXP-DES-14,mobile-apps-high-impact-design-14,Design,design,4 Weeks,4,4,high,TMaaS Managed Delivery,Design,"Turn mobile apps and mobile services goals into a delivery-ready blueprint with journeys, workflows, integrations, controls, and an adoption plan your teams can execute.",false,published,2026-06-10 15:31:29.889873+00,2026-06-10 15:31:29.889873+00
15,3,EXP-AI_-15,mobile-apps-high-impact-ai-design-15,AI Design,ai_design,4 Weeks,4,4,high,TMaaS Managed Delivery,AI Design,"Define the AI use cases that matter for mobile apps and mobile services, with data requirements, guardrails, and specifications ready to build.",false,published,2026-06-10 15:31:29.889873+00,2026-06-10 15:31:29.889873+00
16,3,EXP-DEP-16,mobile-apps-high-impact-implementation-16,Deploy,deploy,12 Weeks,12,12,high,TMaaS Managed Delivery,Deploy,"Implement agreed mobile apps and mobile services changes through managed configuration, integration, testing, and controlled launch support.",false,published,2026-06-10 15:31:29.889873+00,2026-06-10 15:31:29.889873+00
17,3,EXP-AI_-17,mobile-apps-high-impact-ai-implementation-17,AI Deploy,ai_deploy,12 Weeks,12,12,high,TMaaS Managed Delivery,AI Deploy,"Put AI-enabled mobile apps and mobile services workflows into production with security, governance, and adoption built in from day one.",false,published,2026-06-10 15:31:29.889873+00,2026-06-10 15:31:29.889873+00
18,3,EXP-MAN-18,mobile-apps-high-impact-managed-service-18,Managed Service,manage,Ongoing,,,medium,TMaaS Managed Delivery,Managed Service,"Run and improve mobile apps and mobile services with ongoing monitoring, reporting, and optimisation so performance keeps pace with your business.",false,published,2026-06-10 15:31:29.889873+00,2026-06-10 15:31:29.889873+00
19,4,EXP-ADV-19,physical-channels-high-impact-assess-19,Assess,advisory,1 Week,1,1,medium,TMaaS Managed Delivery,Assess,"See how physical channels and frontline experience perform today, identify the highest-impact gaps, and leave with prioritised next steps and a practical roadmap.",true,published,2026-06-10 15:31:29.889873+00,2026-06-10 15:31:29.889873+00
20,4,EXP-DES-20,physical-channels-high-impact-design-20,Design,design,4 Weeks,4,4,high,TMaaS Managed Delivery,Design,"Turn physical channels and frontline experience goals into a delivery-ready blueprint with journeys, workflows, integrations, controls, and an adoption plan your teams can execute.",false,published,2026-06-10 15:31:29.889873+00,2026-06-10 15:31:29.889873+00
21,4,EXP-AI_-21,physical-channels-high-impact-ai-design-21,AI Design,ai_design,4 Weeks,4,4,high,TMaaS Managed Delivery,AI Design,"Define the AI use cases that matter for physical channels and frontline experience, with data requirements, guardrails, and specifications ready to build.",false,published,2026-06-10 15:31:29.889873+00,2026-06-10 15:31:29.889873+00
22,4,EXP-DEP-22,physical-channels-high-impact-implementation-22,Deploy,deploy,12 Weeks,12,12,high,TMaaS Managed Delivery,Deploy,"Implement agreed physical channels and frontline experience changes through managed configuration, integration, testing, and controlled launch support.",false,published,2026-06-10 15:31:29.889873+00,2026-06-10 15:31:29.889873+00
23,4,EXP-AI_-23,physical-channels-high-impact-ai-implementation-23,AI Deploy,ai_deploy,12 Weeks,12,12,high,TMaaS Managed Delivery,AI Deploy,"Put AI-enabled physical channels and frontline experience workflows into production with security, governance, and adoption built in from day one.",false,published,2026-06-10 15:31:29.889873+00,2026-06-10 15:31:29.889873+00
24,4,EXP-MAN-24,physical-channels-high-impact-managed-service-24,Managed Service,manage,Ongoing,,,medium,TMaaS Managed Delivery,Managed Service,"Run and improve physical channels and frontline experience with ongoing monitoring, reporting, and optimisation so performance keeps pace with your business.",false,published,2026-06-10 15:31:29.889873+00,2026-06-10 15:31:29.889873+00
25,5,EXP-ADV-25,experience-solutions-high-impact-assess-25,Assess,advisory,1 Week,1,1,medium,TMaaS Managed Delivery,Assess,"See how integrated customer and employee experience perform today, identify the highest-impact gaps, and leave with prioritised next steps and a practical roadmap.",true,published,2026-06-10 15:31:29.889873+00,2026-06-10 15:31:29.889873+00
26,5,EXP-DES-26,experience-solutions-high-impact-design-26,Design,design,4 Weeks,4,4,high,TMaaS Managed Delivery,Design,"Turn integrated customer and employee experience goals into a delivery-ready blueprint with journeys, workflows, integrations, controls, and an adoption plan your teams can execute.",false,published,2026-06-10 15:31:29.889873+00,2026-06-10 15:31:29.889873+00
27,5,EXP-AI_-27,experience-solutions-high-impact-ai-design-27,AI Design,ai_design,4 Weeks,4,4,high,TMaaS Managed Delivery,AI Design,"Define the AI use cases that matter for integrated customer and employee experience, with data requirements, guardrails, and specifications ready to build.",false,published,2026-06-10 15:31:29.889873+00,2026-06-10 15:31:29.889873+00
28,5,EXP-DEP-28,experience-solutions-high-impact-implementation-28,Deploy,deploy,12 Weeks,12,12,high,TMaaS Managed Delivery,Deploy,"Implement agreed integrated customer and employee experience changes through managed configuration, integration, testing, and controlled launch support.",false,published,2026-06-10 15:31:29.889873+00,2026-06-10 15:31:29.889873+00
29,5,EXP-AI_-29,experience-solutions-high-impact-ai-implementation-29,AI Deploy,ai_deploy,12 Weeks,12,12,high,TMaaS Managed Delivery,AI Deploy,"Put AI-enabled integrated customer and employee experience workflows into production with security, governance, and adoption built in from day one.",false,published,2026-06-10 15:31:29.889873+00,2026-06-10 15:31:29.889873+00
30,5,EXP-MAN-30,experience-solutions-high-impact-managed-service-30,Managed Service,manage,Ongoing,,,medium,TMaaS Managed Delivery,Managed Service,"Run and improve integrated customer and employee experience with ongoing monitoring, reporting, and optimisation so performance keeps pace with your business.",false,published,2026-06-10 15:31:29.889873+00,2026-06-10 15:31:29.889873+00
31,6,EXP-ADV-31,crm-solutions-high-impact-assess-31,Assess,advisory,1 Week,1,1,medium,TMaaS Managed Delivery,Assess,"See how CRM and relationship management perform today, identify the highest-impact gaps, and leave with prioritised next steps and a practical roadmap.",true,published,2026-06-10 15:31:29.889873+00,2026-06-10 15:31:29.889873+00
32,6,EXP-DES-32,crm-solutions-high-impact-design-32,Design,design,4 Weeks,4,4,high,TMaaS Managed Delivery,Design,"Turn CRM and relationship management goals into a delivery-ready blueprint with journeys, workflows, integrations, controls, and an adoption plan your teams can execute.",false,published,2026-06-10 15:31:29.889873+00,2026-06-10 15:31:29.889873+00
33,6,EXP-AI_-33,crm-solutions-high-impact-ai-design-33,AI Design,ai_design,4 Weeks,4,4,high,TMaaS Managed Delivery,AI Design,"Define the AI use cases that matter for CRM and relationship management, with data requirements, guardrails, and specifications ready to build.",false,published,2026-06-10 15:31:29.889873+00,2026-06-10 15:31:29.889873+00
34,6,EXP-DEP-34,crm-solutions-high-impact-implementation-34,Deploy,deploy,12 Weeks,12,12,high,TMaaS Managed Delivery,Deploy,"Implement agreed CRM and relationship management changes through managed configuration, integration, testing, and controlled launch support.",false,published,2026-06-10 15:31:29.889873+00,2026-06-10 15:31:29.889873+00
35,6,EXP-AI_-35,crm-solutions-high-impact-ai-implementation-35,AI Deploy,ai_deploy,12 Weeks,12,12,high,TMaaS Managed Delivery,AI Deploy,"Put AI-enabled CRM and relationship management workflows into production with security, governance, and adoption built in from day one.",false,published,2026-06-10 15:31:29.889873+00,2026-06-10 15:31:29.889873+00
36,6,EXP-MAN-36,crm-solutions-high-impact-managed-service-36,Managed Service,manage,Ongoing,,,medium,TMaaS Managed Delivery,Managed Service,"Run and improve CRM and relationship management with ongoing monitoring, reporting, and optimisation so performance keeps pace with your business.",false,published,2026-06-10 15:31:29.889873+00,2026-06-10 15:31:29.889873+00
37,7,EXP-ADV-37,marketing-solutions-high-impact-assess-37,Assess,advisory,1 Week,1,1,medium,TMaaS Managed Delivery,Assess,"See how marketing operations and campaigns perform today, identify the highest-impact gaps, and leave with prioritised next steps and a practical roadmap.",true,published,2026-06-10 15:31:29.889873+00,2026-06-10 15:31:29.889873+00
38,7,EXP-DES-38,marketing-solutions-high-impact-design-38,Design,design,4 Weeks,4,4,high,TMaaS Managed Delivery,Design,"Turn marketing operations and campaigns goals into a delivery-ready blueprint with journeys, workflows, integrations, controls, and an adoption plan your teams can execute.",false,published,2026-06-10 15:31:29.889873+00,2026-06-10 15:31:29.889873+00
39,7,EXP-AI_-39,marketing-solutions-high-impact-ai-design-39,AI Design,ai_design,4 Weeks,4,4,high,TMaaS Managed Delivery,AI Design,"Define the AI use cases that matter for marketing operations and campaigns, with data requirements, guardrails, and specifications ready to build.",false,published,2026-06-10 15:31:29.889873+00,2026-06-10 15:31:29.889873+00
40,7,EXP-DEP-40,marketing-solutions-high-impact-implementation-40,Deploy,deploy,12 Weeks,12,12,high,TMaaS Managed Delivery,Deploy,"Implement agreed marketing operations and campaigns changes through managed configuration, integration, testing, and controlled launch support.",false,published,2026-06-10 15:31:29.889873+00,2026-06-10 15:31:29.889873+00
41,7,EXP-AI_-41,marketing-solutions-high-impact-ai-implementation-41,AI Deploy,ai_deploy,12 Weeks,12,12,high,TMaaS Managed Delivery,AI Deploy,"Put AI-enabled marketing operations and campaigns workflows into production with security, governance, and adoption built in from day one.",false,published,2026-06-10 15:31:29.889873+00,2026-06-10 15:31:29.889873+00
42,7,EXP-MAN-42,marketing-solutions-high-impact-managed-service-42,Managed Service,manage,Ongoing,,,medium,TMaaS Managed Delivery,Managed Service,"Run and improve marketing operations and campaigns with ongoing monitoring, reporting, and optimisation so performance keeps pace with your business.",false,published,2026-06-10 15:31:29.889873+00,2026-06-10 15:31:29.889873+00
43,8,EXP-ADV-43,smart-sales-quotation-high-impact-assess-43,Assess,advisory,1 Week,1,1,medium,TMaaS Managed Delivery,Assess,"See how sales and quotation perform today, identify the highest-impact gaps, and leave with prioritised next steps and a practical roadmap.",true,published,2026-06-10 15:31:29.889873+00,2026-06-10 15:31:29.889873+00
44,8,EXP-DES-44,smart-sales-quotation-high-impact-design-44,Design,design,4 Weeks,4,4,high,TMaaS Managed Delivery,Design,"Turn sales and quotation goals into a delivery-ready blueprint with journeys, workflows, integrations, controls, and an adoption plan your teams can execute.",false,published,2026-06-10 15:31:29.889873+00,2026-06-10 15:31:29.889873+00
45,8,EXP-AI_-45,smart-sales-quotation-high-impact-ai-design-45,AI Design,ai_design,4 Weeks,4,4,high,TMaaS Managed Delivery,AI Design,"Define the AI use cases that matter for sales and quotation, with data requirements, guardrails, and specifications ready to build.",false,published,2026-06-10 15:31:29.889873+00,2026-06-10 15:31:29.889873+00
46,8,EXP-DEP-46,smart-sales-quotation-high-impact-implementation-46,Deploy,deploy,12 Weeks,12,12,high,TMaaS Managed Delivery,Deploy,"Implement agreed sales and quotation changes through managed configuration, integration, testing, and controlled launch support.",false,published,2026-06-10 15:31:29.889873+00,2026-06-10 15:31:29.889873+00
47,8,EXP-AI_-47,smart-sales-quotation-high-impact-ai-implementation-47,AI Deploy,ai_deploy,12 Weeks,12,12,high,TMaaS Managed Delivery,AI Deploy,"Put AI-enabled sales and quotation workflows into production with security, governance, and adoption built in from day one.",false,published,2026-06-10 15:31:29.889873+00,2026-06-10 15:31:29.889873+00
48,8,EXP-MAN-48,smart-sales-quotation-high-impact-managed-service-48,Managed Service,manage,Ongoing,,,medium,TMaaS Managed Delivery,Managed Service,"Run and improve sales and quotation with ongoing monitoring, reporting, and optimisation so performance keeps pace with your business.",false,published,2026-06-10 15:31:29.889873+00,2026-06-10 15:31:29.889873+00
49,9,EXP-ADV-49,customer-support-success-high-impact-assess-49,Assess,advisory,1 Week,1,1,medium,TMaaS Managed Delivery,Assess,"See how customer support and success perform today, identify the highest-impact gaps, and leave with prioritised next steps and a practical roadmap.",true,published,2026-06-10 15:31:29.889873+00,2026-06-10 15:31:29.889873+00
50,9,EXP-DES-50,customer-support-success-high-impact-design-50,Design,design,4 Weeks,4,4,high,TMaaS Managed Delivery,Design,"Turn customer support and success goals into a delivery-ready blueprint with journeys, workflows, integrations, controls, and an adoption plan your teams can execute.",false,published,2026-06-10 15:31:29.889873+00,2026-06-10 15:31:29.889873+00
51,9,EXP-AI_-51,customer-support-success-high-impact-ai-design-51,AI Design,ai_design,4 Weeks,4,4,high,TMaaS Managed Delivery,AI Design,"Define the AI use cases that matter for customer support and success, with data requirements, guardrails, and specifications ready to build.",false,published,2026-06-10 15:31:29.889873+00,2026-06-10 15:31:29.889873+00
52,9,EXP-DEP-52,customer-support-success-high-impact-implementation-52,Deploy,deploy,12 Weeks,12,12,high,TMaaS Managed Delivery,Deploy,"Implement agreed customer support and success changes through managed configuration, integration, testing, and controlled launch support.",false,published,2026-06-10 15:31:29.889873+00,2026-06-10 15:31:29.889873+00
53,9,EXP-AI_-53,customer-support-success-high-impact-ai-implementation-53,AI Deploy,ai_deploy,12 Weeks,12,12,high,TMaaS Managed Delivery,AI Deploy,"Put AI-enabled customer support and success workflows into production with security, governance, and adoption built in from day one.",false,published,2026-06-10 15:31:29.889873+00,2026-06-10 15:31:29.889873+00
54,9,EXP-MAN-54,customer-support-success-high-impact-managed-service-54,Managed Service,manage,Ongoing,,,medium,TMaaS Managed Delivery,Managed Service,"Run and improve customer support and success with ongoing monitoring, reporting, and optimisation so performance keeps pace with your business.",false,published,2026-06-10 15:31:29.889873+00,2026-06-10 15:31:29.889873+00
55,10,OPE-ADV-55,digital-workplace-high-impact-assess-55,Assess,advisory,1 Week,1,1,medium,TMaaS Managed Delivery,Assess,"See how digital workplace and collaboration perform today, identify the highest-impact gaps, and leave with prioritised next steps and a practical roadmap.",true,published,2026-06-10 15:31:29.889873+00,2026-06-10 15:31:29.889873+00
56,10,OPE-DES-56,digital-workplace-high-impact-design-56,Design,design,4 Weeks,4,4,high,TMaaS Managed Delivery,Design,"Turn digital workplace and collaboration goals into a delivery-ready blueprint with journeys, workflows, integrations, controls, and an adoption plan your teams can execute.",false,published,2026-06-10 15:31:29.889873+00,2026-06-10 15:31:29.889873+00
57,10,OPE-AI_-57,digital-workplace-high-impact-ai-design-57,AI Design,ai_design,4 Weeks,4,4,high,TMaaS Managed Delivery,AI Design,"Define the AI use cases that matter for digital workplace and collaboration, with data requirements, guardrails, and specifications ready to build.",false,published,2026-06-10 15:31:29.889873+00,2026-06-10 15:31:29.889873+00
58,10,OPE-DEP-58,digital-workplace-high-impact-implementation-58,Deploy,deploy,12 Weeks,12,12,high,TMaaS Managed Delivery,Deploy,"Implement agreed digital workplace and collaboration changes through managed configuration, integration, testing, and controlled launch support.",false,published,2026-06-10 15:31:29.889873+00,2026-06-10 15:31:29.889873+00
59,10,OPE-AI_-59,digital-workplace-high-impact-ai-implementation-59,AI Deploy,ai_deploy,12 Weeks,12,12,high,TMaaS Managed Delivery,AI Deploy,"Put AI-enabled digital workplace and collaboration workflows into production with security, governance, and adoption built in from day one.",false,published,2026-06-10 15:31:29.889873+00,2026-06-10 15:31:29.889873+00
60,10,OPE-MAN-60,digital-workplace-high-impact-managed-service-60,Managed Service,manage,Ongoing,,,medium,TMaaS Managed Delivery,Managed Service,"Run and improve digital workplace and collaboration with ongoing monitoring, reporting, and optimisation so performance keeps pace with your business.",false,published,2026-06-10 15:31:29.889873+00,2026-06-10 15:31:29.889873+00
61,11,OPE-ADV-61,business-process-automation-high-impact-assess-61,Assess,advisory,1 Week,1,1,medium,TMaaS Managed Delivery,Assess,"See how business process automation performs today, identify the highest-impact gaps, and leave with prioritised next steps and a practical roadmap.",true,published,2026-06-10 15:31:29.889873+00,2026-06-10 15:31:29.889873+00
62,11,OPE-DES-62,business-process-automation-high-impact-design-62,Design,design,4 Weeks,4,4,high,TMaaS Managed Delivery,Design,"Turn business process automation goals into a delivery-ready blueprint with journeys, workflows, integrations, controls, and an adoption plan your teams can execute.",false,published,2026-06-10 15:31:29.889873+00,2026-06-10 15:31:29.889873+00
63,11,OPE-AI_-63,business-process-automation-high-impact-ai-design-63,AI Design,ai_design,4 Weeks,4,4,high,TMaaS Managed Delivery,AI Design,"Define the AI use cases that matter for business process automation, with data requirements, guardrails, and specifications ready to build.",false,published,2026-06-10 15:31:29.889873+00,2026-06-10 15:31:29.889873+00
64,11,OPE-DEP-64,business-process-automation-high-impact-implementation-64,Deploy,deploy,12 Weeks,12,12,high,TMaaS Managed Delivery,Deploy,"Implement agreed business process automation changes through managed configuration, integration, testing, and controlled launch support.",false,published,2026-06-10 15:31:29.889873+00,2026-06-10 15:31:29.889873+00
65,11,OPE-AI_-65,business-process-automation-high-impact-ai-implementation-65,AI Deploy,ai_deploy,12 Weeks,12,12,high,TMaaS Managed Delivery,AI Deploy,"Put AI-enabled business process automation workflows into production with security, governance, and adoption built in from day one.",false,published,2026-06-10 15:31:29.889873+00,2026-06-10 15:31:29.889873+00
66,11,OPE-MAN-66,business-process-automation-high-impact-managed-service-66,Managed Service,manage,Ongoing,,,medium,TMaaS Managed Delivery,Managed Service,"Run and improve business process automation with ongoing monitoring, reporting, and optimisation so performance keeps pace with your business.",false,published,2026-06-10 15:31:29.889873+00,2026-06-10 15:31:29.889873+00
73,12,OPE-ADV-73,specialized-operations-high-impact-assess-73,Assess,advisory,1 Week,1,1,medium,TMaaS Managed Delivery,Assess,"See how specialised operations perform today, identify the highest-impact gaps, and leave with prioritised next steps and a practical roadmap.",true,published,2026-06-10 15:31:29.889873+00,2026-06-10 15:31:29.889873+00
74,12,OPE-DES-74,specialized-operations-high-impact-design-74,Design,design,4 Weeks,4,4,high,TMaaS Managed Delivery,Design,"Turn specialised operations goals into a delivery-ready blueprint with journeys, workflows, integrations, controls, and an adoption plan your teams can execute.",false,published,2026-06-10 15:31:29.889873+00,2026-06-10 15:31:29.889873+00
75,12,OPE-AI_-75,specialized-operations-high-impact-ai-design-75,AI Design,ai_design,4 Weeks,4,4,high,TMaaS Managed Delivery,AI Design,"Define the AI use cases that matter for specialised operations, with data requirements, guardrails, and specifications ready to build.",false,published,2026-06-10 15:31:29.889873+00,2026-06-10 15:31:29.889873+00
76,12,OPE-DEP-76,specialized-operations-high-impact-implementation-76,Deploy,deploy,12 Weeks,12,12,high,TMaaS Managed Delivery,Deploy,"Implement agreed specialised operations changes through managed configuration, integration, testing, and controlled launch support.",false,published,2026-06-10 15:31:29.889873+00,2026-06-10 15:31:29.889873+00
77,12,OPE-AI_-77,specialized-operations-high-impact-ai-implementation-77,AI Deploy,ai_deploy,12 Weeks,12,12,high,TMaaS Managed Delivery,AI Deploy,"Put AI-enabled specialised operations workflows into production with security, governance, and adoption built in from day one.",false,published,2026-06-10 15:31:29.889873+00,2026-06-10 15:31:29.889873+00
78,12,OPE-MAN-78,specialized-operations-high-impact-managed-service-78,Managed Service,manage,Ongoing,,,medium,TMaaS Managed Delivery,Managed Service,"Run and improve specialised operations with ongoing monitoring, reporting, and optimisation so performance keeps pace with your business.",false,published,2026-06-10 15:31:29.889873+00,2026-06-10 15:31:29.889873+00
79,13,OPE-ADV-79,enterprise-operations-high-impact-assess-79,Assess,advisory,1 Week,1,1,medium,TMaaS Managed Delivery,Assess,"See how enterprise operations perform today, identify the highest-impact gaps, and leave with prioritised next steps and a practical roadmap.",true,published,2026-06-10 15:31:29.889873+00,2026-06-10 15:31:29.889873+00
80,13,OPE-DES-80,enterprise-operations-high-impact-design-80,Design,design,4 Weeks,4,4,high,TMaaS Managed Delivery,Design,"Turn enterprise operations goals into a delivery-ready blueprint with journeys, workflows, integrations, controls, and an adoption plan your teams can execute.",false,published,2026-06-10 15:31:29.889873+00,2026-06-10 15:31:29.889873+00
81,13,OPE-AI_-81,enterprise-operations-high-impact-ai-design-81,AI Design,ai_design,4 Weeks,4,4,high,TMaaS Managed Delivery,AI Design,"Define the AI use cases that matter for enterprise operations, with data requirements, guardrails, and specifications ready to build.",false,published,2026-06-10 15:31:29.889873+00,2026-06-10 15:31:29.889873+00
82,13,OPE-DEP-82,enterprise-operations-high-impact-implementation-82,Deploy,deploy,12 Weeks,12,12,high,TMaaS Managed Delivery,Deploy,"Implement agreed enterprise operations changes through managed configuration, integration, testing, and controlled launch support.",false,published,2026-06-10 15:31:29.889873+00,2026-06-10 15:31:29.889873+00
83,13,OPE-AI_-83,enterprise-operations-high-impact-ai-implementation-83,AI Deploy,ai_deploy,12 Weeks,12,12,high,TMaaS Managed Delivery,AI Deploy,"Put AI-enabled enterprise operations workflows into production with security, governance, and adoption built in from day one.",false,published,2026-06-10 15:31:29.889873+00,2026-06-10 15:31:29.889873+00
84,13,OPE-MAN-84,enterprise-operations-high-impact-managed-service-84,Managed Service,manage,Ongoing,,,medium,TMaaS Managed Delivery,Managed Service,"Run and improve enterprise operations with ongoing monitoring, reporting, and optimisation so performance keeps pace with your business.",false,published,2026-06-10 15:31:29.889873+00,2026-06-10 15:31:29.889873+00
85,14,SEC-ADV-85,governance-risk-compliance-high-impact-assess-85,Assess,advisory,1 Week,1,1,medium,TMaaS Managed Delivery,Assess,"See how governance, risk and compliance perform today, identify the highest-impact gaps, and leave with prioritised next steps and a practical roadmap.",true,published,2026-06-10 15:31:29.889873+00,2026-06-10 15:31:29.889873+00
86,14,SEC-DES-86,governance-risk-compliance-high-impact-design-86,Design,design,4 Weeks,4,4,high,TMaaS Managed Delivery,Design,"Turn governance, risk and compliance goals into a delivery-ready blueprint with journeys, workflows, integrations, controls, and an adoption plan your teams can execute.",false,published,2026-06-10 15:31:29.889873+00,2026-06-10 15:31:29.889873+00
87,14,SEC-AI_-87,governance-risk-compliance-high-impact-ai-design-87,AI Design,ai_design,4 Weeks,4,4,high,TMaaS Managed Delivery,AI Design,"Define responsible AI for governance, risk and compliance — prioritised use cases, evidence automation, guardrails, and a blueprint ready to build.",false,published,2026-06-10 15:31:29.889873+00,2026-06-10 15:31:29.889873+00
88,14,SEC-DEP-88,governance-risk-compliance-high-impact-implementation-88,Deploy,deploy,12 Weeks,12,12,high,TMaaS Managed Delivery,Deploy,"Implement agreed governance, risk and compliance changes through managed configuration, integration, testing, and controlled launch support.",false,published,2026-06-10 15:31:29.889873+00,2026-06-10 15:31:29.889873+00
89,14,SEC-AI_-89,governance-risk-compliance-high-impact-ai-implementation-89,AI Deploy,ai_deploy,12 Weeks,12,12,high,TMaaS Managed Delivery,AI Deploy,"Put AI-enabled governance, risk and compliance workflows into production with security, governance, and adoption built in from day one.",false,published,2026-06-10 15:31:29.889873+00,2026-06-10 15:31:29.889873+00
90,14,SEC-MAN-90,governance-risk-compliance-high-impact-managed-service-90,Managed Service,manage,Ongoing,,,medium,TMaaS Managed Delivery,Managed Service,"Run and improve governance, risk and compliance with ongoing monitoring, reporting, and optimisation so performance keeps pace with your business.",false,published,2026-06-10 15:31:29.889873+00,2026-06-10 15:31:29.889873+00
91,15,OPE-ADV-91,enterprise-resource-planning-high-impact-assess-91,Assess,advisory,1 Week,1,1,medium,TMaaS Managed Delivery,Assess,"See how ERP and core enterprise operations perform today, identify the highest-impact gaps, and leave with prioritised next steps and a practical roadmap.",true,published,2026-06-10 15:31:29.889873+00,2026-06-10 15:31:29.889873+00
92,15,OPE-DES-92,enterprise-resource-planning-high-impact-design-92,Design,design,4 Weeks,4,4,high,TMaaS Managed Delivery,Design,"Turn ERP and core enterprise operations goals into a delivery-ready blueprint with journeys, workflows, integrations, controls, and an adoption plan your teams can execute.",false,published,2026-06-10 15:31:29.889873+00,2026-06-10 15:31:29.889873+00
93,15,OPE-AI_-93,enterprise-resource-planning-high-impact-ai-design-93,AI Design,ai_design,4 Weeks,4,4,high,TMaaS Managed Delivery,AI Design,"Define the AI use cases that matter for ERP and core enterprise operations, with data requirements, guardrails, and specifications ready to build.",false,published,2026-06-10 15:31:29.889873+00,2026-06-10 15:31:29.889873+00
94,15,OPE-DEP-94,enterprise-resource-planning-high-impact-implementation-94,Deploy,deploy,12 Weeks,12,12,high,TMaaS Managed Delivery,Deploy,"Implement agreed ERP and core enterprise operations changes through managed configuration, integration, testing, and controlled launch support.",false,published,2026-06-10 15:31:29.889873+00,2026-06-10 15:31:29.889873+00
95,15,OPE-AI_-95,enterprise-resource-planning-high-impact-ai-implementation-95,AI Deploy,ai_deploy,12 Weeks,12,12,high,TMaaS Managed Delivery,AI Deploy,"Put AI-enabled ERP and core enterprise operations workflows into production with security, governance, and adoption built in from day one.",false,published,2026-06-10 15:31:29.889873+00,2026-06-10 15:31:29.889873+00
96,15,OPE-MAN-96,enterprise-resource-planning-high-impact-managed-service-96,Managed Service,manage,Ongoing,,,medium,TMaaS Managed Delivery,Managed Service,"Run and improve ERP and core enterprise operations with ongoing monitoring, reporting, and optimisation so performance keeps pace with your business.",false,published,2026-06-10 15:31:29.889873+00,2026-06-10 15:31:29.889873+00
97,16,OPE-ADV-97,workforce-management-high-impact-assess-97,Assess,advisory,1 Week,1,1,medium,TMaaS Managed Delivery,Assess,"See how workforce management performs today, identify the highest-impact gaps, and leave with prioritised next steps and a practical roadmap.",true,published,2026-06-10 15:31:29.889873+00,2026-06-10 15:31:29.889873+00
98,16,OPE-DES-98,workforce-management-high-impact-design-98,Design,design,4 Weeks,4,4,high,TMaaS Managed Delivery,Design,"Turn workforce management goals into a delivery-ready blueprint with journeys, workflows, integrations, controls, and an adoption plan your teams can execute.",false,published,2026-06-10 15:31:29.889873+00,2026-06-10 15:31:29.889873+00
99,16,OPE-AI_-99,workforce-management-high-impact-ai-design-99,AI Design,ai_design,4 Weeks,4,4,high,TMaaS Managed Delivery,AI Design,"Define the AI use cases that matter for workforce management, with data requirements, guardrails, and specifications ready to build.",false,published,2026-06-10 15:31:29.889873+00,2026-06-10 15:31:29.889873+00
100,16,OPE-DEP-100,workforce-management-high-impact-implementation-100,Deploy,deploy,12 Weeks,12,12,high,TMaaS Managed Delivery,Deploy,"Implement agreed workforce management changes through managed configuration, integration, testing, and controlled launch support.",false,published,2026-06-10 15:31:29.889873+00,2026-06-10 15:31:29.889873+00
101,16,OPE-AI_-101,workforce-management-high-impact-ai-implementation-101,AI Deploy,ai_deploy,12 Weeks,12,12,high,TMaaS Managed Delivery,AI Deploy,"Put AI-enabled workforce management workflows into production with security, governance, and adoption built in from day one.",false,published,2026-06-10 15:31:29.889873+00,2026-06-10 15:31:29.889873+00
102,16,OPE-MAN-102,workforce-management-high-impact-managed-service-102,Managed Service,manage,Ongoing,,,medium,TMaaS Managed Delivery,Managed Service,"Run and improve workforce management with ongoing monitoring, reporting, and optimisation so performance keeps pace with your business.",false,published,2026-06-10 15:31:29.889873+00,2026-06-10 15:31:29.889873+00
103,17,AI-ADV-103,enterprise-data-platform-high-impact-assess-103,Assess,advisory,1 Week,1,1,medium,TMaaS Managed Delivery,Assess,"See how enterprise data platform performs today, identify the highest-impact gaps, and leave with prioritised next steps and a practical roadmap.",true,published,2026-06-10 15:31:29.889873+00,2026-06-10 15:31:29.889873+00
104,17,AI-DES-104,enterprise-data-platform-high-impact-design-104,Design,design,4 Weeks,4,4,high,TMaaS Managed Delivery,Design,"Turn enterprise data platform goals into a delivery-ready blueprint with journeys, workflows, integrations, controls, and an adoption plan your teams can execute.",false,published,2026-06-10 15:31:29.889873+00,2026-06-10 15:31:29.889873+00
105,17,AI-AI_-105,enterprise-data-platform-high-impact-ai-design-105,AI Design,ai_design,4 Weeks,4,4,high,TMaaS Managed Delivery,AI Design,"Define the AI use cases that matter for enterprise data platform, with data requirements, guardrails, and specifications ready to build.",false,published,2026-06-10 15:31:29.889873+00,2026-06-10 15:31:29.889873+00
106,17,AI-DEP-106,enterprise-data-platform-high-impact-implementation-106,Deploy,deploy,12 Weeks,12,12,high,TMaaS Managed Delivery,Deploy,"Implement agreed enterprise data platform changes through managed configuration, integration, testing, and controlled launch support.",false,published,2026-06-10 15:31:29.889873+00,2026-06-10 15:31:29.889873+00
107,17,AI-AI_-107,enterprise-data-platform-high-impact-ai-implementation-107,AI Deploy,ai_deploy,12 Weeks,12,12,high,TMaaS Managed Delivery,AI Deploy,"Put AI-enabled enterprise data platform workflows into production with security, governance, and adoption built in from day one.",false,published,2026-06-10 15:31:29.889873+00,2026-06-10 15:31:29.889873+00
108,17,AI-MAN-108,enterprise-data-platform-high-impact-managed-service-108,Managed Service,manage,Ongoing,,,medium,TMaaS Managed Delivery,Managed Service,"Run and improve enterprise data platform with ongoing monitoring, reporting, and optimisation so performance keeps pace with your business.",false,published,2026-06-10 15:31:29.889873+00,2026-06-10 15:31:29.889873+00
109,18,AI-ADV-109,business-intelligence-analytics-high-impact-assess-109,Assess,advisory,1 Week,1,1,medium,TMaaS Managed Delivery,Assess,"See how business intelligence and analytics perform today, identify the highest-impact gaps, and leave with prioritised next steps and a practical roadmap.",true,published,2026-06-10 15:31:29.889873+00,2026-06-10 15:31:29.889873+00
110,18,AI-DES-110,business-intelligence-analytics-high-impact-design-110,Design,design,4 Weeks,4,4,high,TMaaS Managed Delivery,Design,"Turn business intelligence and analytics goals into a delivery-ready blueprint with journeys, workflows, integrations, controls, and an adoption plan your teams can execute.",false,published,2026-06-10 15:31:29.889873+00,2026-06-10 15:31:29.889873+00
111,18,AI-AI_-111,business-intelligence-analytics-high-impact-ai-design-111,AI Design,ai_design,4 Weeks,4,4,high,TMaaS Managed Delivery,AI Design,"Define the AI use cases that matter for business intelligence and analytics, with data requirements, guardrails, and specifications ready to build.",false,published,2026-06-10 15:31:29.889873+00,2026-06-10 15:31:29.889873+00
112,18,AI-DEP-112,business-intelligence-analytics-high-impact-implementation-112,Deploy,deploy,12 Weeks,12,12,high,TMaaS Managed Delivery,Deploy,"Implement agreed business intelligence and analytics changes through managed configuration, integration, testing, and controlled launch support.",false,published,2026-06-10 15:31:29.889873+00,2026-06-10 15:31:29.889873+00
113,18,AI-AI_-113,business-intelligence-analytics-high-impact-ai-implementation-113,AI Deploy,ai_deploy,12 Weeks,12,12,high,TMaaS Managed Delivery,AI Deploy,"Put AI-enabled business intelligence and analytics workflows into production with security, governance, and adoption built in from day one.",false,published,2026-06-10 15:31:29.889873+00,2026-06-10 15:31:29.889873+00
114,18,AI-MAN-114,business-intelligence-analytics-high-impact-managed-service-114,Managed Service,manage,Ongoing,,,medium,TMaaS Managed Delivery,Managed Service,"Run and improve business intelligence and analytics with ongoing monitoring, reporting, and optimisation so performance keeps pace with your business.",false,published,2026-06-10 15:31:29.889873+00,2026-06-10 15:31:29.889873+00
115,19,AI-ADV-115,enterprise-ai-automation-high-impact-assess-115,Assess,advisory,1 Week,1,1,medium,TMaaS Managed Delivery,Assess,"See how enterprise AI and automation perform today, identify the highest-impact gaps, and leave with prioritised next steps and a practical roadmap.",true,published,2026-06-10 15:31:29.889873+00,2026-06-10 15:31:29.889873+00
116,19,AI-DES-116,enterprise-ai-automation-high-impact-design-116,Design,design,4 Weeks,4,4,high,TMaaS Managed Delivery,Design,"Turn enterprise AI and automation goals into a delivery-ready blueprint with journeys, workflows, integrations, controls, and an adoption plan your teams can execute.",false,published,2026-06-10 15:31:29.889873+00,2026-06-10 15:31:29.889873+00
117,19,AI-AI_-117,enterprise-ai-automation-high-impact-ai-design-117,AI Design,ai_design,4 Weeks,4,4,high,TMaaS Managed Delivery,AI Design,"Define the AI use cases that matter for enterprise AI and automation, with data requirements, guardrails, and specifications ready to build.",false,published,2026-06-10 15:31:29.889873+00,2026-06-10 15:31:29.889873+00
118,19,AI-DEP-118,enterprise-ai-automation-high-impact-implementation-118,Deploy,deploy,12 Weeks,12,12,high,TMaaS Managed Delivery,Deploy,"Implement agreed enterprise AI and automation changes through managed configuration, integration, testing, and controlled launch support.",false,published,2026-06-10 15:31:29.889873+00,2026-06-10 15:31:29.889873+00
119,19,AI-AI_-119,enterprise-ai-automation-high-impact-ai-implementation-119,AI Deploy,ai_deploy,12 Weeks,12,12,high,TMaaS Managed Delivery,AI Deploy,"Put AI-enabled enterprise AI and automation workflows into production with security, governance, and adoption built in from day one.",false,published,2026-06-10 15:31:29.889873+00,2026-06-10 15:31:29.889873+00
120,19,AI-MAN-120,enterprise-ai-automation-high-impact-managed-service-120,Managed Service,manage,Ongoing,,,medium,TMaaS Managed Delivery,Managed Service,"Run and improve enterprise AI and automation with ongoing monitoring, reporting, and optimisation so performance keeps pace with your business.",false,published,2026-06-10 15:31:29.889873+00,2026-06-10 15:31:29.889873+00
121,20,SEC-ADV-121,technology-governance-high-impact-assess-121,Assess,advisory,1 Week,1,1,medium,TMaaS Managed Delivery,Assess,"See how technology governance performs today, identify the highest-impact gaps, and leave with prioritised next steps and a practical roadmap.",true,published,2026-06-10 15:31:29.889873+00,2026-06-10 15:31:29.889873+00
122,20,SEC-DES-122,technology-governance-high-impact-design-122,Design,design,4 Weeks,4,4,high,TMaaS Managed Delivery,Design,"Turn technology governance goals into a delivery-ready blueprint with journeys, workflows, integrations, controls, and an adoption plan your teams can execute.",false,published,2026-06-10 15:31:29.889873+00,2026-06-10 15:31:29.889873+00
123,20,SEC-AI_-123,technology-governance-high-impact-ai-design-123,AI Design,ai_design,4 Weeks,4,4,high,TMaaS Managed Delivery,AI Design,"Define responsible AI for technology governance — prioritised use cases, evidence automation, guardrails, and a blueprint ready to build.",false,published,2026-06-10 15:31:29.889873+00,2026-06-10 15:31:29.889873+00
124,20,SEC-DEP-124,technology-governance-high-impact-implementation-124,Deploy,deploy,12 Weeks,12,12,high,TMaaS Managed Delivery,Deploy,"Implement agreed technology governance changes through managed configuration, integration, testing, and controlled launch support.",false,published,2026-06-10 15:31:29.889873+00,2026-06-10 15:31:29.889873+00
125,20,SEC-AI_-125,technology-governance-high-impact-ai-implementation-125,AI Deploy,ai_deploy,12 Weeks,12,12,high,TMaaS Managed Delivery,AI Deploy,"Put AI-enabled technology governance workflows into production with security, governance, and adoption built in from day one.",false,published,2026-06-10 15:31:29.889873+00,2026-06-10 15:31:29.889873+00
126,20,SEC-MAN-126,technology-governance-high-impact-managed-service-126,Managed Service,manage,Ongoing,,,medium,TMaaS Managed Delivery,Managed Service,"Run and improve technology governance with ongoing monitoring, reporting, and optimisation so performance keeps pace with your business.",false,published,2026-06-10 15:31:29.889873+00,2026-06-10 15:31:29.889873+00
127,21,OPE-ADV-127,devsecops-automation-high-impact-assess-127,Assess,advisory,1 Week,1,1,medium,TMaaS Managed Delivery,Assess,"See how DevSecOps automation performs today, identify the highest-impact gaps, and leave with prioritised next steps and a practical roadmap.",true,published,2026-06-10 15:31:29.889873+00,2026-06-10 15:31:29.889873+00
128,21,OPE-DES-128,devsecops-automation-high-impact-design-128,Design,design,4 Weeks,4,4,high,TMaaS Managed Delivery,Design,"Turn DevSecOps automation goals into a delivery-ready blueprint with journeys, workflows, integrations, controls, and an adoption plan your teams can execute.",false,published,2026-06-10 15:31:29.889873+00,2026-06-10 15:31:29.889873+00
129,21,OPE-AI_-129,devsecops-automation-high-impact-ai-design-129,AI Design,ai_design,4 Weeks,4,4,high,TMaaS Managed Delivery,AI Design,"Define the AI use cases that matter for DevSecOps automation, with data requirements, guardrails, and specifications ready to build.",false,published,2026-06-10 15:31:29.889873+00,2026-06-10 15:31:29.889873+00
130,21,OPE-DEP-130,devsecops-automation-high-impact-implementation-130,Deploy,deploy,12 Weeks,12,12,high,TMaaS Managed Delivery,Deploy,"Implement agreed DevSecOps automation changes through managed configuration, integration, testing, and controlled launch support.",false,published,2026-06-10 15:31:29.889873+00,2026-06-10 15:31:29.889873+00
131,21,OPE-AI_-131,devsecops-automation-high-impact-ai-implementation-131,AI Deploy,ai_deploy,12 Weeks,12,12,high,TMaaS Managed Delivery,AI Deploy,"Put AI-enabled DevSecOps automation workflows into production with security, governance, and adoption built in from day one.",false,published,2026-06-10 15:31:29.889873+00,2026-06-10 15:31:29.889873+00
132,21,OPE-MAN-132,devsecops-automation-high-impact-managed-service-132,Managed Service,manage,Ongoing,,,medium,TMaaS Managed Delivery,Managed Service,"Run and improve DevSecOps automation with ongoing monitoring, reporting, and optimisation so performance keeps pace with your business.",false,published,2026-06-10 15:31:29.889873+00,2026-06-10 15:31:29.889873+00
133,22,EXP-ADV-133,it-operations-support-high-impact-assess-133,Assess,advisory,1 Week,1,1,medium,TMaaS Managed Delivery,Assess,"See how IT operations and employee support services perform today, identify the highest-impact gaps, and leave with prioritised next steps and a practical roadmap.",true,published,2026-06-10 15:31:29.889873+00,2026-06-10 15:31:29.889873+00
134,22,EXP-DES-134,it-operations-support-high-impact-design-134,Design,design,4 Weeks,4,4,high,TMaaS Managed Delivery,Design,"Turn IT operations and employee support services goals into a delivery-ready blueprint with journeys, workflows, integrations, controls, and an adoption plan your teams can execute.",false,published,2026-06-10 15:31:29.889873+00,2026-06-10 15:31:29.889873+00
135,22,EXP-AI_-135,it-operations-support-high-impact-ai-design-135,AI Design,ai_design,4 Weeks,4,4,high,TMaaS Managed Delivery,AI Design,"Define the AI use cases that matter for IT operations and employee support services, with data requirements, guardrails, and specifications ready to build.",false,published,2026-06-10 15:31:29.889873+00,2026-06-10 15:31:29.889873+00
136,22,EXP-DEP-136,it-operations-support-high-impact-implementation-136,Deploy,deploy,12 Weeks,12,12,high,TMaaS Managed Delivery,Deploy,"Implement agreed IT operations and employee support services changes through managed configuration, integration, testing, and controlled launch support.",false,published,2026-06-10 15:31:29.889873+00,2026-06-10 15:31:29.889873+00
137,22,EXP-AI_-137,it-operations-support-high-impact-ai-implementation-137,AI Deploy,ai_deploy,12 Weeks,12,12,high,TMaaS Managed Delivery,AI Deploy,"Put AI-enabled IT operations and employee support services workflows into production with security, governance, and adoption built in from day one.",false,published,2026-06-10 15:31:29.889873+00,2026-06-10 15:31:29.889873+00
138,22,EXP-MAN-138,it-operations-support-high-impact-managed-service-138,Managed Service,manage,Ongoing,,,medium,TMaaS Managed Delivery,Managed Service,"Run and improve IT operations and employee support services with ongoing monitoring, reporting, and optimisation so performance keeps pace with your business.",false,published,2026-06-10 15:31:29.889873+00,2026-06-10 15:31:29.889873+00
149,23,OPE-ADV-149,farming-operations-high-impact-assess-149,Assess,advisory,1 Week,1,1,medium,TMaaS Managed Delivery,Assess,"See how farming operations perform today, identify the highest-impact gaps, and leave with prioritised next steps and a practical roadmap.",true,published,2026-06-10 15:31:29.889873+00,2026-06-10 15:31:29.889873+00
150,23,OPE-DES-150,farming-operations-high-impact-design-150,Design,design,4 Weeks,4,4,high,TMaaS Managed Delivery,Design,"Turn farming operations goals into a delivery-ready blueprint with journeys, workflows, integrations, controls, and an adoption plan your teams can execute.",false,published,2026-06-10 15:31:29.889873+00,2026-06-10 15:31:29.889873+00
151,23,OPE-AI_-151,farming-operations-high-impact-ai-design-151,AI Design,ai_design,4 Weeks,4,4,high,TMaaS Managed Delivery,AI Design,"Define the AI use cases that matter for farming operations, with data requirements, guardrails, and specifications ready to build.",false,published,2026-06-10 15:31:29.889873+00,2026-06-10 15:31:29.889873+00
152,23,OPE-DEP-152,farming-operations-high-impact-implementation-152,Deploy,deploy,12 Weeks,12,12,high,TMaaS Managed Delivery,Deploy,"Implement agreed farming operations changes through managed configuration, integration, testing, and controlled launch support.",false,published,2026-06-10 15:31:29.889873+00,2026-06-10 15:31:29.889873+00
153,23,OPE-AI_-153,farming-operations-high-impact-ai-implementation-153,AI Deploy,ai_deploy,12 Weeks,12,12,high,TMaaS Managed Delivery,AI Deploy,"Put AI-enabled farming operations workflows into production with security, governance, and adoption built in from day one.",false,published,2026-06-10 15:31:29.889873+00,2026-06-10 15:31:29.889873+00
154,23,OPE-MAN-154,farming-operations-high-impact-managed-service-154,Managed Service,manage,Ongoing,,,medium,TMaaS Managed Delivery,Managed Service,"Run and improve farming operations with ongoing monitoring, reporting, and optimisation so performance keeps pace with your business.",false,published,2026-06-10 15:31:29.889873+00,2026-06-10 15:31:29.889873+00
155,24,OPE-ADV-155,manufacturing-operations-high-impact-assess-155,Assess,advisory,1 Week,1,1,medium,TMaaS Managed Delivery,Assess,"See how manufacturing operations perform today, identify the highest-impact gaps, and leave with prioritised next steps and a practical roadmap.",true,published,2026-06-10 15:31:29.889873+00,2026-06-10 15:31:29.889873+00
156,24,OPE-DES-156,manufacturing-operations-high-impact-design-156,Design,design,4 Weeks,4,4,high,TMaaS Managed Delivery,Design,"Turn manufacturing operations goals into a delivery-ready blueprint with journeys, workflows, integrations, controls, and an adoption plan your teams can execute.",false,published,2026-06-10 15:31:29.889873+00,2026-06-10 15:31:29.889873+00
157,24,OPE-AI_-157,manufacturing-operations-high-impact-ai-design-157,AI Design,ai_design,4 Weeks,4,4,high,TMaaS Managed Delivery,AI Design,"Define the AI use cases that matter for manufacturing operations, with data requirements, guardrails, and specifications ready to build.",false,published,2026-06-10 15:31:29.889873+00,2026-06-10 15:31:29.889873+00
158,24,OPE-DEP-158,manufacturing-operations-high-impact-implementation-158,Deploy,deploy,12 Weeks,12,12,high,TMaaS Managed Delivery,Deploy,"Implement agreed manufacturing operations changes through managed configuration, integration, testing, and controlled launch support.",false,published,2026-06-10 15:31:29.889873+00,2026-06-10 15:31:29.889873+00
159,24,OPE-AI_-159,manufacturing-operations-high-impact-ai-implementation-159,AI Deploy,ai_deploy,12 Weeks,12,12,high,TMaaS Managed Delivery,AI Deploy,"Put AI-enabled manufacturing operations workflows into production with security, governance, and adoption built in from day one.",false,published,2026-06-10 15:31:29.889873+00,2026-06-10 15:31:29.889873+00
160,24,OPE-MAN-160,manufacturing-operations-high-impact-managed-service-160,Managed Service,manage,Ongoing,,,medium,TMaaS Managed Delivery,Managed Service,"Run and improve manufacturing operations with ongoing monitoring, reporting, and optimisation so performance keeps pace with your business.",false,published,2026-06-10 15:31:29.889873+00,2026-06-10 15:31:29.889873+00
161,25,OPE-ADV-161,infrastructure-operations-high-impact-assess-161,Assess,advisory,1 Week,1,1,medium,TMaaS Managed Delivery,Assess,"See how infrastructure operations perform today, identify the highest-impact gaps, and leave with prioritised next steps and a practical roadmap.",true,published,2026-06-10 15:31:29.889873+00,2026-06-10 15:31:29.889873+00
162,25,OPE-DES-162,infrastructure-operations-high-impact-design-162,Design,design,4 Weeks,4,4,high,TMaaS Managed Delivery,Design,"Turn infrastructure operations goals into a delivery-ready blueprint with journeys, workflows, integrations, controls, and an adoption plan your teams can execute.",false,published,2026-06-10 15:31:29.889873+00,2026-06-10 15:31:29.889873+00
163,25,OPE-AI_-163,infrastructure-operations-high-impact-ai-design-163,AI Design,ai_design,4 Weeks,4,4,high,TMaaS Managed Delivery,AI Design,"Define the AI use cases that matter for infrastructure operations, with data requirements, guardrails, and specifications ready to build.",false,published,2026-06-10 15:31:29.889873+00,2026-06-10 15:31:29.889873+00
164,25,OPE-DEP-164,infrastructure-operations-high-impact-implementation-164,Deploy,deploy,12 Weeks,12,12,high,TMaaS Managed Delivery,Deploy,"Implement agreed infrastructure operations changes through managed configuration, integration, testing, and controlled launch support.",false,published,2026-06-10 15:31:29.889873+00,2026-06-10 15:31:29.889873+00
165,25,OPE-AI_-165,infrastructure-operations-high-impact-ai-implementation-165,AI Deploy,ai_deploy,12 Weeks,12,12,high,TMaaS Managed Delivery,AI Deploy,"Put AI-enabled infrastructure operations workflows into production with security, governance, and adoption built in from day one.",false,published,2026-06-10 15:31:29.889873+00,2026-06-10 15:31:29.889873+00
166,25,OPE-MAN-166,infrastructure-operations-high-impact-managed-service-166,Managed Service,manage,Ongoing,,,medium,TMaaS Managed Delivery,Managed Service,"Run and improve infrastructure operations with ongoing monitoring, reporting, and optimisation so performance keeps pace with your business.",false,published,2026-06-10 15:31:29.889873+00,2026-06-10 15:31:29.889873+00
167,26,OPE-ADV-167,government-operations-high-impact-assess-167,Assess,advisory,1 Week,1,1,medium,TMaaS Managed Delivery,Assess,"See how government operations and citizen services perform today, identify the highest-impact gaps, and leave with prioritised next steps and a practical roadmap.",true,published,2026-06-10 15:31:29.889873+00,2026-06-10 15:31:29.889873+00
168,26,OPE-DES-168,government-operations-high-impact-design-168,Design,design,4 Weeks,4,4,high,TMaaS Managed Delivery,Design,"Turn government operations and citizen services goals into a delivery-ready blueprint with journeys, workflows, integrations, controls, and an adoption plan your teams can execute.",false,published,2026-06-10 15:31:29.889873+00,2026-06-10 15:31:29.889873+00
169,26,OPE-AI_-169,government-operations-high-impact-ai-design-169,AI Design,ai_design,4 Weeks,4,4,high,TMaaS Managed Delivery,AI Design,"Define the AI use cases that matter for government operations and citizen services, with data requirements, guardrails, and specifications ready to build.",false,published,2026-06-10 15:31:29.889873+00,2026-06-10 15:31:29.889873+00
170,26,OPE-DEP-170,government-operations-high-impact-implementation-170,Deploy,deploy,12 Weeks,12,12,high,TMaaS Managed Delivery,Deploy,"Implement agreed government operations and citizen services changes through managed configuration, integration, testing, and controlled launch support.",false,published,2026-06-10 15:31:29.889873+00,2026-06-10 15:31:29.889873+00
171,26,OPE-AI_-171,government-operations-high-impact-ai-implementation-171,AI Deploy,ai_deploy,12 Weeks,12,12,high,TMaaS Managed Delivery,AI Deploy,"Put AI-enabled government operations and citizen services workflows into production with security, governance, and adoption built in from day one.",false,published,2026-06-10 15:31:29.889873+00,2026-06-10 15:31:29.889873+00
172,26,OPE-MAN-172,government-operations-high-impact-managed-service-172,Managed Service,manage,Ongoing,,,medium,TMaaS Managed Delivery,Managed Service,"Run and improve government operations and citizen services with ongoing monitoring, reporting, and optimisation so performance keeps pace with your business.",false,published,2026-06-10 15:31:29.889873+00,2026-06-10 15:31:29.889873+00
173,27,OPE-ADV-173,hospitality-operations-high-impact-assess-173,Assess,advisory,1 Week,1,1,medium,TMaaS Managed Delivery,Assess,"See how hospitality operations and guest experience perform today, identify the highest-impact gaps, and leave with prioritised next steps and a practical roadmap.",true,published,2026-06-10 15:31:29.889873+00,2026-06-10 15:31:29.889873+00
174,27,OPE-DES-174,hospitality-operations-high-impact-design-174,Design,design,4 Weeks,4,4,high,TMaaS Managed Delivery,Design,"Turn hospitality operations and guest experience goals into a delivery-ready blueprint with journeys, workflows, integrations, controls, and an adoption plan your teams can execute.",false,published,2026-06-10 15:31:29.889873+00,2026-06-10 15:31:29.889873+00
175,27,OPE-AI_-175,hospitality-operations-high-impact-ai-design-175,AI Design,ai_design,4 Weeks,4,4,high,TMaaS Managed Delivery,AI Design,"Define the AI use cases that matter for hospitality operations and guest experience, with data requirements, guardrails, and specifications ready to build.",false,published,2026-06-10 15:31:29.889873+00,2026-06-10 15:31:29.889873+00
176,27,OPE-DEP-176,hospitality-operations-high-impact-implementation-176,Deploy,deploy,12 Weeks,12,12,high,TMaaS Managed Delivery,Deploy,"Implement agreed hospitality operations and guest experience changes through managed configuration, integration, testing, and controlled launch support.",false,published,2026-06-10 15:31:29.889873+00,2026-06-10 15:31:29.889873+00
177,27,OPE-AI_-177,hospitality-operations-high-impact-ai-implementation-177,AI Deploy,ai_deploy,12 Weeks,12,12,high,TMaaS Managed Delivery,AI Deploy,"Put AI-enabled hospitality operations and guest experience workflows into production with security, governance, and adoption built in from day one.",false,published,2026-06-10 15:31:29.889873+00,2026-06-10 15:31:29.889873+00
178,27,OPE-MAN-178,hospitality-operations-high-impact-managed-service-178,Managed Service,manage,Ongoing,,,medium,TMaaS Managed Delivery,Managed Service,"Run and improve hospitality operations and guest experience with ongoing monitoring, reporting, and optimisation so performance keeps pace with your business.",false,published,2026-06-10 15:31:29.889873+00,2026-06-10 15:31:29.889873+00
179,28,OPE-ADV-179,retail-operations-high-impact-assess-179,Assess,advisory,1 Week,1,1,medium,TMaaS Managed Delivery,Assess,"See how retail operations and omnichannel commerce perform today, identify the highest-impact gaps, and leave with prioritised next steps and a practical roadmap.",true,published,2026-06-10 15:31:29.889873+00,2026-06-10 15:31:29.889873+00
180,28,OPE-DES-180,retail-operations-high-impact-design-180,Design,design,4 Weeks,4,4,high,TMaaS Managed Delivery,Design,"Turn retail operations and omnichannel commerce goals into a delivery-ready blueprint with journeys, workflows, integrations, controls, and an adoption plan your teams can execute.",false,published,2026-06-10 15:31:29.889873+00,2026-06-10 15:31:29.889873+00
181,28,OPE-AI_-181,retail-operations-high-impact-ai-design-181,AI Design,ai_design,4 Weeks,4,4,high,TMaaS Managed Delivery,AI Design,"Define the AI use cases that matter for retail operations and omnichannel commerce, with data requirements, guardrails, and specifications ready to build.",false,published,2026-06-10 15:31:29.889873+00,2026-06-10 15:31:29.889873+00
182,28,OPE-DEP-182,retail-operations-high-impact-implementation-182,Deploy,deploy,12 Weeks,12,12,high,TMaaS Managed Delivery,Deploy,"Implement agreed retail operations and omnichannel commerce changes through managed configuration, integration, testing, and controlled launch support.",false,published,2026-06-10 15:31:29.889873+00,2026-06-10 15:31:29.889873+00
183,28,OPE-AI_-183,retail-operations-high-impact-ai-implementation-183,AI Deploy,ai_deploy,12 Weeks,12,12,high,TMaaS Managed Delivery,AI Deploy,"Put AI-enabled retail operations and omnichannel commerce workflows into production with security, governance, and adoption built in from day one.",false,published,2026-06-10 15:31:29.889873+00,2026-06-10 15:31:29.889873+00
184,28,OPE-MAN-184,retail-operations-high-impact-managed-service-184,Managed Service,manage,Ongoing,,,medium,TMaaS Managed Delivery,Managed Service,"Run and improve retail operations and omnichannel commerce with ongoing monitoring, reporting, and optimisation so performance keeps pace with your business.",false,published,2026-06-10 15:31:29.889873+00,2026-06-10 15:31:29.889873+00
185,29,OPE-ADV-185,service-operations-high-impact-assess-185,Assess,advisory,1 Week,1,1,medium,TMaaS Managed Delivery,Assess,"See how service operations perform today, identify the highest-impact gaps, and leave with prioritised next steps and a practical roadmap.",true,published,2026-06-10 15:31:29.889873+00,2026-06-10 15:31:29.889873+00
186,29,OPE-DES-186,service-operations-high-impact-design-186,Design,design,4 Weeks,4,4,high,TMaaS Managed Delivery,Design,"Turn service operations goals into a delivery-ready blueprint with journeys, workflows, integrations, controls, and an adoption plan your teams can execute.",false,published,2026-06-10 15:31:29.889873+00,2026-06-10 15:31:29.889873+00
187,29,OPE-AI_-187,service-operations-high-impact-ai-design-187,AI Design,ai_design,4 Weeks,4,4,high,TMaaS Managed Delivery,AI Design,"Define the AI use cases that matter for service operations, with data requirements, guardrails, and specifications ready to build.",false,published,2026-06-10 15:31:29.889873+00,2026-06-10 15:31:29.889873+00
188,29,OPE-DEP-188,service-operations-high-impact-implementation-188,Deploy,deploy,12 Weeks,12,12,high,TMaaS Managed Delivery,Deploy,"Implement agreed service operations changes through managed configuration, integration, testing, and controlled launch support.",false,published,2026-06-10 15:31:29.889873+00,2026-06-10 15:31:29.889873+00
189,29,OPE-AI_-189,service-operations-high-impact-ai-implementation-189,AI Deploy,ai_deploy,12 Weeks,12,12,high,TMaaS Managed Delivery,AI Deploy,"Put AI-enabled service operations workflows into production with security, governance, and adoption built in from day one.",false,published,2026-06-10 15:31:29.889873+00,2026-06-10 15:31:29.889873+00
190,29,OPE-MAN-190,service-operations-high-impact-managed-service-190,Managed Service,manage,Ongoing,,,medium,TMaaS Managed Delivery,Managed Service,"Run and improve service operations with ongoing monitoring, reporting, and optimisation so performance keeps pace with your business.",false,published,2026-06-10 15:31:29.889873+00,2026-06-10 15:31:29.889873+00
191,30,OPE-ADV-191,logistics-operations-high-impact-assess-191,Assess,advisory,1 Week,1,1,medium,TMaaS Managed Delivery,Assess,"See how logistics and supply chain operations perform today, identify the highest-impact gaps, and leave with prioritised next steps and a practical roadmap.",true,published,2026-06-10 15:31:29.889873+00,2026-06-10 15:31:29.889873+00
192,30,OPE-DES-192,logistics-operations-high-impact-design-192,Design,design,4 Weeks,4,4,high,TMaaS Managed Delivery,Design,"Turn logistics and supply chain operations goals into a delivery-ready blueprint with journeys, workflows, integrations, controls, and an adoption plan your teams can execute.",false,published,2026-06-10 15:31:29.889873+00,2026-06-10 15:31:29.889873+00
193,30,OPE-AI_-193,logistics-operations-high-impact-ai-design-193,AI Design,ai_design,4 Weeks,4,4,high,TMaaS Managed Delivery,AI Design,"Define the AI use cases that matter for logistics and supply chain operations, with data requirements, guardrails, and specifications ready to build.",false,published,2026-06-10 15:31:29.889873+00,2026-06-10 15:31:29.889873+00
194,30,OPE-DEP-194,logistics-operations-high-impact-implementation-194,Deploy,deploy,12 Weeks,12,12,high,TMaaS Managed Delivery,Deploy,"Implement agreed logistics and supply chain operations changes through managed configuration, integration, testing, and controlled launch support.",false,published,2026-06-10 15:31:29.889873+00,2026-06-10 15:31:29.889873+00
195,30,OPE-AI_-195,logistics-operations-high-impact-ai-implementation-195,AI Deploy,ai_deploy,12 Weeks,12,12,high,TMaaS Managed Delivery,AI Deploy,"Put AI-enabled logistics and supply chain operations workflows into production with security, governance, and adoption built in from day one.",false,published,2026-06-10 15:31:29.889873+00,2026-06-10 15:31:29.889873+00
196,30,OPE-MAN-196,logistics-operations-high-impact-managed-service-196,Managed Service,manage,Ongoing,,,medium,TMaaS Managed Delivery,Managed Service,"Run and improve logistics and supply chain operations with ongoing monitoring, reporting, and optimisation so performance keeps pace with your business.",false,published,2026-06-10 15:31:29.889873+00,2026-06-10 15:31:29.889873+00
197,31,OPE-ADV-197,wellness-operations-high-impact-assess-197,Assess,advisory,1 Week,1,1,medium,TMaaS Managed Delivery,Assess,"See how wellness operations and client experience perform today, identify the highest-impact gaps, and leave with prioritised next steps and a practical roadmap.",true,published,2026-06-10 15:31:29.889873+00,2026-06-10 15:31:29.889873+00
198,31,OPE-DES-198,wellness-operations-high-impact-design-198,Design,design,4 Weeks,4,4,high,TMaaS Managed Delivery,Design,"Turn wellness operations and client experience goals into a delivery-ready blueprint with journeys, workflows, integrations, controls, and an adoption plan your teams can execute.",false,published,2026-06-10 15:31:29.889873+00,2026-06-10 15:31:29.889873+00
199,31,OPE-AI_-199,wellness-operations-high-impact-ai-design-199,AI Design,ai_design,4 Weeks,4,4,high,TMaaS Managed Delivery,AI Design,"Define the AI use cases that matter for wellness operations and client experience, with data requirements, guardrails, and specifications ready to build.",false,published,2026-06-10 15:31:29.889873+00,2026-06-10 15:31:29.889873+00
200,31,OPE-DEP-200,wellness-operations-high-impact-implementation-200,Deploy,deploy,12 Weeks,12,12,high,TMaaS Managed Delivery,Deploy,"Implement agreed wellness operations and client experience changes through managed configuration, integration, testing, and controlled launch support.",false,published,2026-06-10 15:31:29.889873+00,2026-06-10 15:31:29.889873+00
201,31,OPE-AI_-201,wellness-operations-high-impact-ai-implementation-201,AI Deploy,ai_deploy,12 Weeks,12,12,high,TMaaS Managed Delivery,AI Deploy,"Put AI-enabled wellness operations and client experience workflows into production with security, governance, and adoption built in from day one.",false,published,2026-06-10 15:31:29.889873+00,2026-06-10 15:31:29.889873+00
202,31,OPE-MAN-202,wellness-operations-high-impact-managed-service-202,Managed Service,manage,Ongoing,,,medium,TMaaS Managed Delivery,Managed Service,"Run and improve wellness operations and client experience with ongoing monitoring, reporting, and optimisation so performance keeps pace with your business.",false,published,2026-06-10 15:31:29.889873+00,2026-06-10 15:31:29.889873+00
203,1,EXP-BUN-203,online-web-presence-high-impact-transformation-bundle-203,End-to-end bundle,bundle,16-24 Weeks,16,24,high,TMaaS Managed Delivery,End-to-end bundle,"End-to-end phased delivery for online web presence: assess, design, deploy and handover under unified TMaaS governance.",false,published,2026-06-10 15:31:29.889873+00,2026-06-10 15:31:29.889873+00
204,2,EXP-BUN-204,online-social-presence-high-impact-transformation-bundle-204,End-to-end bundle,bundle,16-24 Weeks,16,24,high,TMaaS Managed Delivery,End-to-end bundle,"End-to-end phased delivery for social presence and audience engagement: assess, design, deploy and handover under unified TMaaS governance.",false,published,2026-06-10 15:31:29.889873+00,2026-06-10 15:31:29.889873+00
205,3,EXP-BUN-205,mobile-apps-high-impact-transformation-bundle-205,End-to-end bundle,bundle,16-24 Weeks,16,24,high,TMaaS Managed Delivery,End-to-end bundle,"End-to-end phased delivery for mobile apps and mobile services: assess, design, deploy and handover under unified TMaaS governance.",false,published,2026-06-10 15:31:29.889873+00,2026-06-10 15:31:29.889873+00
206,4,EXP-BUN-206,physical-channels-high-impact-transformation-bundle-206,End-to-end bundle,bundle,16-24 Weeks,16,24,high,TMaaS Managed Delivery,End-to-end bundle,"End-to-end phased delivery for physical channels and frontline experience: assess, design, deploy and handover under unified TMaaS governance.",false,published,2026-06-10 15:31:29.889873+00,2026-06-10 15:31:29.889873+00
207,5,EXP-BUN-207,experience-solutions-high-impact-transformation-bundle-207,End-to-end bundle,bundle,16-24 Weeks,16,24,high,TMaaS Managed Delivery,End-to-end bundle,"End-to-end phased delivery for integrated customer and employee experience: assess, design, deploy and handover under unified TMaaS governance.",false,published,2026-06-10 15:31:29.889873+00,2026-06-10 15:31:29.889873+00
208,6,EXP-BUN-208,crm-solutions-high-impact-transformation-bundle-208,End-to-end bundle,bundle,16-24 Weeks,16,24,high,TMaaS Managed Delivery,End-to-end bundle,"End-to-end phased delivery for CRM and relationship management: assess, design, deploy and handover under unified TMaaS governance.",false,published,2026-06-10 15:31:29.889873+00,2026-06-10 15:31:29.889873+00
209,7,EXP-BUN-209,marketing-solutions-high-impact-transformation-bundle-209,End-to-end bundle,bundle,16-24 Weeks,16,24,high,TMaaS Managed Delivery,End-to-end bundle,"End-to-end phased delivery for marketing operations and campaigns: assess, design, deploy and handover under unified TMaaS governance.",false,published,2026-06-10 15:31:29.889873+00,2026-06-10 15:31:29.889873+00
210,8,EXP-BUN-210,smart-sales-quotation-high-impact-transformation-bundle-210,End-to-end bundle,bundle,16-24 Weeks,16,24,high,TMaaS Managed Delivery,End-to-end bundle,"End-to-end phased delivery for sales and quotation: assess, design, deploy and handover under unified TMaaS governance.",false,published,2026-06-10 15:31:29.889873+00,2026-06-10 15:31:29.889873+00
211,9,EXP-BUN-211,customer-support-success-high-impact-transformation-bundle-211,End-to-end bundle,bundle,16-24 Weeks,16,24,high,TMaaS Managed Delivery,End-to-end bundle,"End-to-end phased delivery for customer support and success: assess, design, deploy and handover under unified TMaaS governance.",false,published,2026-06-10 15:31:29.889873+00,2026-06-10 15:31:29.889873+00
212,10,OPE-BUN-212,digital-workplace-high-impact-transformation-bundle-212,End-to-end bundle,bundle,16-24 Weeks,16,24,high,TMaaS Managed Delivery,End-to-end bundle,"End-to-end phased delivery for digital workplace and collaboration: assess, design, deploy and handover under unified TMaaS governance.",false,published,2026-06-10 15:31:29.889873+00,2026-06-10 15:31:29.889873+00
213,11,OPE-BUN-213,business-process-automation-high-impact-transformation-bundle-213,End-to-end bundle,bundle,16-24 Weeks,16,24,high,TMaaS Managed Delivery,End-to-end bundle,"End-to-end phased delivery for business process automation: assess, design, deploy and handover under unified TMaaS governance.",false,published,2026-06-10 15:31:29.889873+00,2026-06-10 15:31:29.889873+00
214,12,OPE-BUN-214,specialized-operations-high-impact-transformation-bundle-214,End-to-end bundle,bundle,16-24 Weeks,16,24,high,TMaaS Managed Delivery,End-to-end bundle,"End-to-end phased delivery for specialised operations: assess, design, deploy and handover under unified TMaaS governance.",false,published,2026-06-10 15:31:29.889873+00,2026-06-10 15:31:29.889873+00
215,13,OPE-BUN-215,enterprise-operations-high-impact-transformation-bundle-215,End-to-end bundle,bundle,16-24 Weeks,16,24,high,TMaaS Managed Delivery,End-to-end bundle,"End-to-end phased delivery for enterprise operations: assess, design, deploy and handover under unified TMaaS governance.",false,published,2026-06-10 15:31:29.889873+00,2026-06-10 15:31:29.889873+00
216,14,SEC-BUN-216,governance-risk-compliance-high-impact-transformation-bundle-216,End-to-end bundle,bundle,16-24 Weeks,16,24,high,TMaaS Managed Delivery,End-to-end bundle,"End-to-end phased delivery for governance, risk and compliance: assess, design, deploy and handover under unified TMaaS governance.",false,published,2026-06-10 15:31:29.889873+00,2026-06-10 15:31:29.889873+00
217,15,OPE-BUN-217,enterprise-resource-planning-high-impact-transformation-bundle-217,End-to-end bundle,bundle,16-24 Weeks,16,24,high,TMaaS Managed Delivery,End-to-end bundle,"End-to-end phased delivery for ERP and core enterprise operations: assess, design, deploy and handover under unified TMaaS governance.",false,published,2026-06-10 15:31:29.889873+00,2026-06-10 15:31:29.889873+00
218,16,OPE-BUN-218,workforce-management-high-impact-transformation-bundle-218,End-to-end bundle,bundle,16-24 Weeks,16,24,high,TMaaS Managed Delivery,End-to-end bundle,"End-to-end phased delivery for workforce management: assess, design, deploy and handover under unified TMaaS governance.",false,published,2026-06-10 15:31:29.889873+00,2026-06-10 15:31:29.889873+00
219,17,AI-BUN-219,enterprise-data-platform-high-impact-transformation-bundle-219,End-to-end bundle,bundle,16-24 Weeks,16,24,high,TMaaS Managed Delivery,End-to-end bundle,"End-to-end phased delivery for enterprise data platform: assess, design, deploy and handover under unified TMaaS governance.",false,published,2026-06-10 15:31:29.889873+00,2026-06-10 15:31:29.889873+00
220,18,AI-BUN-220,business-intelligence-analytics-high-impact-transformation-bundle-220,End-to-end bundle,bundle,16-24 Weeks,16,24,high,TMaaS Managed Delivery,End-to-end bundle,"End-to-end phased delivery for business intelligence and analytics: assess, design, deploy and handover under unified TMaaS governance.",false,published,2026-06-10 15:31:29.889873+00,2026-06-10 15:31:29.889873+00
221,19,AI-BUN-221,enterprise-ai-automation-high-impact-transformation-bundle-221,End-to-end bundle,bundle,16-24 Weeks,16,24,high,TMaaS Managed Delivery,End-to-end bundle,"End-to-end phased delivery for enterprise AI and automation: assess, design, deploy and handover under unified TMaaS governance.",false,published,2026-06-10 15:31:29.889873+00,2026-06-10 15:31:29.889873+00
222,20,SEC-BUN-222,technology-governance-high-impact-transformation-bundle-222,End-to-end bundle,bundle,16-24 Weeks,16,24,high,TMaaS Managed Delivery,End-to-end bundle,"End-to-end phased delivery for technology governance: assess, design, deploy and handover under unified TMaaS governance.",false,published,2026-06-10 15:31:29.889873+00,2026-06-10 15:31:29.889873+00
223,21,OPE-BUN-223,devsecops-automation-high-impact-transformation-bundle-223,End-to-end bundle,bundle,16-24 Weeks,16,24,high,TMaaS Managed Delivery,End-to-end bundle,"End-to-end phased delivery for DevSecOps automation: assess, design, deploy and handover under unified TMaaS governance.",false,published,2026-06-10 15:31:29.889873+00,2026-06-10 15:31:29.889873+00
224,22,EXP-BUN-224,it-operations-support-high-impact-transformation-bundle-224,End-to-end bundle,bundle,16-24 Weeks,16,24,high,TMaaS Managed Delivery,End-to-end bundle,"End-to-end phased delivery for IT operations and employee support services: assess, design, deploy and handover under unified TMaaS governance.",false,published,2026-06-10 15:31:29.889873+00,2026-06-10 15:31:29.889873+00
225,23,OPE-BUN-225,farming-operations-high-impact-transformation-bundle-225,End-to-end bundle,bundle,16-24 Weeks,16,24,high,TMaaS Managed Delivery,End-to-end bundle,"End-to-end phased delivery for farming operations: assess, design, deploy and handover under unified TMaaS governance.",false,published,2026-06-10 15:31:29.889873+00,2026-06-10 15:31:29.889873+00
226,24,OPE-BUN-226,manufacturing-operations-high-impact-transformation-bundle-226,End-to-end bundle,bundle,16-24 Weeks,16,24,high,TMaaS Managed Delivery,End-to-end bundle,"End-to-end phased delivery for manufacturing operations: assess, design, deploy and handover under unified TMaaS governance.",false,published,2026-06-10 15:31:29.889873+00,2026-06-10 15:31:29.889873+00
227,25,OPE-BUN-227,infrastructure-operations-high-impact-transformation-bundle-227,End-to-end bundle,bundle,16-24 Weeks,16,24,high,TMaaS Managed Delivery,End-to-end bundle,"End-to-end phased delivery for infrastructure operations: assess, design, deploy and handover under unified TMaaS governance.",false,published,2026-06-10 15:31:29.889873+00,2026-06-10 15:31:29.889873+00
228,26,OPE-BUN-228,government-operations-high-impact-transformation-bundle-228,End-to-end bundle,bundle,16-24 Weeks,16,24,high,TMaaS Managed Delivery,End-to-end bundle,"End-to-end phased delivery for government operations and citizen services: assess, design, deploy and handover under unified TMaaS governance.",false,published,2026-06-10 15:31:29.889873+00,2026-06-10 15:31:29.889873+00
229,27,OPE-BUN-229,hospitality-operations-high-impact-transformation-bundle-229,End-to-end bundle,bundle,16-24 Weeks,16,24,high,TMaaS Managed Delivery,End-to-end bundle,"End-to-end phased delivery for hospitality operations and guest experience: assess, design, deploy and handover under unified TMaaS governance.",false,published,2026-06-10 15:31:29.889873+00,2026-06-10 15:31:29.889873+00
230,28,OPE-BUN-230,retail-operations-high-impact-transformation-bundle-230,End-to-end bundle,bundle,16-24 Weeks,16,24,high,TMaaS Managed Delivery,End-to-end bundle,"End-to-end phased delivery for retail operations and omnichannel commerce: assess, design, deploy and handover under unified TMaaS governance.",false,published,2026-06-10 15:31:29.889873+00,2026-06-10 15:31:29.889873+00
231,29,OPE-BUN-231,service-operations-high-impact-transformation-bundle-231,End-to-end bundle,bundle,16-24 Weeks,16,24,high,TMaaS Managed Delivery,End-to-end bundle,"End-to-end phased delivery for service operations: assess, design, deploy and handover under unified TMaaS governance.",false,published,2026-06-10 15:31:29.889873+00,2026-06-10 15:31:29.889873+00
232,30,OPE-BUN-232,logistics-operations-high-impact-transformation-bundle-232,End-to-end bundle,bundle,16-24 Weeks,16,24,high,TMaaS Managed Delivery,End-to-end bundle,"End-to-end phased delivery for logistics and supply chain operations: assess, design, deploy and handover under unified TMaaS governance.",false,published,2026-06-10 15:31:29.889873+00,2026-06-10 15:31:29.889873+00
233,31,OPE-BUN-233,wellness-operations-high-impact-transformation-bundle-233,End-to-end bundle,bundle,16-24 Weeks,16,24,high,TMaaS Managed Delivery,End-to-end bundle,"End-to-end phased delivery for wellness operations and client experience: assess, design, deploy and handover under unified TMaaS governance.",false,published,2026-06-10 15:31:29.889873+00,2026-06-10 15:31:29.889873+00
234,32,OPE-BUN-234,advisory-set-advisory-set-234,Flexible Advisory Package,bundle,Variable,,,medium,TMaaS Managed Delivery,End-to-end bundle,Flexible advisory across selected TMaaS capability areas — diagnose priorities and build executive alignment.,false,published,2026-06-10 15:31:29.889873+00,2026-06-10 15:31:29.889873+00
235,33,OPE-BUN-235,design-services-set-design-services-set-235,Flexible Design Package,bundle,Variable,,,medium,TMaaS Managed Delivery,End-to-end bundle,"Blueprints and delivery plans across selected transformation priorities — journey designs, backlogs and governance included.",false,published,2026-06-10 15:31:29.889873+00,2026-06-10 15:31:29.889873+00
236,34,OPE-BUN-236,deploy-services-set-deploy-services-set-236,Flexible Deploy Package,bundle,Variable,,,medium,TMaaS Managed Delivery,End-to-end bundle,"Managed implementation across selected capabilities — configuration, integration, testing and controlled launch support.",false,published,2026-06-10 15:31:29.889873+00,2026-06-10 15:31:29.889873+00
237,35,OPE-BUN-237,managed-services-set-managed-services-set-237,Flexible Managed Services Package,bundle,Variable,,,medium,TMaaS Managed Delivery,End-to-end bundle,"Ongoing operations for selected deployed capabilities — monitoring, optimisation and service continuity.",false,published,2026-06-10 15:31:29.889873+00,2026-06-10 15:31:29.889873+00
